,prefix,lr,bsz,dev_performance,test_performance
0,superglue-cb_16_100,0.5,8,0.75,0.7142857142857143
1,superglue-cb_16_100,0.4,8,0.625,0.6428571428571429
2,superglue-cb_16_100,0.3,8,0.6875,0.7142857142857143
3,superglue-cb_16_100,0.2,8,0.53125,0.5178571428571429
4,superglue-cb_16_100_best,0.5,8,0.75,0.7142857142857143
5,superglue-cb_16_13,0.5,8,0.5625,0.6071428571428571
6,superglue-cb_16_13,0.4,8,0.46875,0.4642857142857143
