,prefix,lr,bsz,dev_performance,test_performance
0,wiki_qa_16_100,0.5,8,0.7408906882591093,0.36324603446308346
1,wiki_qa_16_100,0.4,8,0.7757757757757757,0.41938289946816526
2,wiki_qa_16_100,0.3,8,0.746031746031746,0.4141840843635466
